window_id,cutoff,forecast_start,forecast_end,train_start,train_end,train_rows,refitted,training_window,horizon,step_size
0,2025-01-08T23:00:00.000000,2025-01-09T00:00:00.000000,2025-01-09T23:00:00.000000,2024-12-12T00:00:00.000000,2025-01-08T23:00:00.000000,672,true,1344,24,24
1,2025-01-09T23:00:00.000000,2025-01-10T00:00:00.000000,2025-01-10T23:00:00.000000,2024-12-12T00:00:00.000000,2025-01-09T23:00:00.000000,696,true,1344,24,24
2,2025-01-10T23:00:00.000000,2025-01-11T00:00:00.000000,2025-01-11T23:00:00.000000,2024-12-12T00:00:00.000000,2025-01-10T23:00:00.000000,720,true,1344,24,24
3,2025-01-11T23:00:00.000000,2025-01-12T00:00:00.000000,2025-01-12T23:00:00.000000,2024-12-12T00:00:00.000000,2025-01-11T23:00:00.000000,744,true,1344,24,24
4,2025-01-12T23:00:00.000000,2025-01-13T00:00:00.000000,2025-01-13T23:00:00.000000,2024-12-12T00:00:00.000000,2025-01-12T23:00:00.000000,768,true,1344,24,24
5,2025-01-13T23:00:00.000000,2025-01-14T00:00:00.000000,2025-01-14T23:00:00.000000,2024-12-12T00:00:00.000000,2025-01-13T23:00:00.000000,792,true,1344,24,24
6,2025-01-14T23:00:00.000000,2025-01-15T00:00:00.000000,2025-01-15T23:00:00.000000,2024-12-12T00:00:00.000000,2025-01-14T23:00:00.000000,816,true,1344,24,24
7,2025-01-15T23:00:00.000000,2025-01-16T00:00:00.000000,2025-01-16T23:00:00.000000,2024-12-12T00:00:00.000000,2025-01-15T23:00:00.000000,840,true,1344,24,24
8,2025-01-16T23:00:00.000000,2025-01-17T00:00:00.000000,2025-01-17T23:00:00.000000,2024-12-12T00:00:00.000000,2025-01-16T23:00:00.000000,864,true,1344,24,24
9,2025-01-17T23:00:00.000000,2025-01-18T00:00:00.000000,2025-01-18T23:00:00.000000,2024-12-12T00:00:00.000000,2025-01-17T23:00:00.000000,888,true,1344,24,24
10,2025-01-18T23:00:00.000000,2025-01-19T00:00:00.000000,2025-01-19T23:00:00.000000,2024-12-12T00:00:00.000000,2025-01-18T23:00:00.000000,912,true,1344,24,24
11,2025-01-19T23:00:00.000000,2025-01-20T00:00:00.000000,2025-01-20T23:00:00.000000,2024-12-12T00:00:00.000000,2025-01-19T23:00:00.000000,936,true,1344,24,24
12,2025-01-20T23:00:00.000000,2025-01-21T00:00:00.000000,2025-01-21T23:00:00.000000,2024-12-12T00:00:00.000000,2025-01-20T23:00:00.000000,960,true,1344,24,24
13,2025-01-21T23:00:00.000000,2025-01-22T00:00:00.000000,2025-01-22T23:00:00.000000,2024-12-12T00:00:00.000000,2025-01-21T23:00:00.000000,984,true,1344,24,24
14,2025-01-22T23:00:00.000000,2025-01-23T00:00:00.000000,2025-01-23T23:00:00.000000,2024-12-12T00:00:00.000000,2025-01-22T23:00:00.000000,1008,true,1344,24,24
15,2025-01-23T23:00:00.000000,2025-01-24T00:00:00.000000,2025-01-24T23:00:00.000000,2024-12-12T00:00:00.000000,2025-01-23T23:00:00.000000,1032,true,1344,24,24
16,2025-01-24T23:00:00.000000,2025-01-25T00:00:00.000000,2025-01-25T23:00:00.000000,2024-12-12T00:00:00.000000,2025-01-24T23:00:00.000000,1056,true,1344,24,24
17,2025-01-25T23:00:00.000000,2025-01-26T00:00:00.000000,2025-01-26T23:00:00.000000,2024-12-12T00:00:00.000000,2025-01-25T23:00:00.000000,1080,true,1344,24,24
18,2025-01-26T23:00:00.000000,2025-01-27T00:00:00.000000,2025-01-27T23:00:00.000000,2024-12-12T00:00:00.000000,2025-01-26T23:00:00.000000,1104,true,1344,24,24
19,2025-01-27T23:00:00.000000,2025-01-28T00:00:00.000000,2025-01-28T23:00:00.000000,2024-12-12T00:00:00.000000,2025-01-27T23:00:00.000000,1128,true,1344,24,24
20,2025-01-28T23:00:00.000000,2025-01-29T00:00:00.000000,2025-01-29T23:00:00.000000,2024-12-12T00:00:00.000000,2025-01-28T23:00:00.000000,1152,true,1344,24,24
21,2025-01-29T23:00:00.000000,2025-01-30T00:00:00.000000,2025-01-30T23:00:00.000000,2024-12-12T00:00:00.000000,2025-01-29T23:00:00.000000,1176,true,1344,24,24
22,2025-01-30T23:00:00.000000,2025-01-31T00:00:00.000000,2025-01-31T23:00:00.000000,2024-12-12T00:00:00.000000,2025-01-30T23:00:00.000000,1200,true,1344,24,24
23,2025-01-31T23:00:00.000000,2025-02-01T00:00:00.000000,2025-02-01T23:00:00.000000,2024-12-12T00:00:00.000000,2025-01-31T23:00:00.000000,1224,true,1344,24,24
24,2025-02-01T23:00:00.000000,2025-02-02T00:00:00.000000,2025-02-02T23:00:00.000000,2024-12-12T00:00:00.000000,2025-02-01T23:00:00.000000,1248,true,1344,24,24
25,2025-02-02T23:00:00.000000,2025-02-03T00:00:00.000000,2025-02-03T23:00:00.000000,2024-12-12T00:00:00.000000,2025-02-02T23:00:00.000000,1272,true,1344,24,24
26,2025-02-03T23:00:00.000000,2025-02-04T00:00:00.000000,2025-02-04T23:00:00.000000,2024-12-12T00:00:00.000000,2025-02-03T23:00:00.000000,1296,true,1344,24,24
27,2025-02-04T23:00:00.000000,2025-02-05T00:00:00.000000,2025-02-05T23:00:00.000000,2024-12-12T00:00:00.000000,2025-02-04T23:00:00.000000,1320,true,1344,24,24
28,2025-02-05T23:00:00.000000,2025-02-06T00:00:00.000000,2025-02-06T23:00:00.000000,2024-12-12T00:00:00.000000,2025-02-05T23:00:00.000000,1344,true,1344,24,24
29,2025-02-06T23:00:00.000000,2025-02-07T00:00:00.000000,2025-02-07T23:00:00.000000,2024-12-13T00:00:00.000000,2025-02-06T23:00:00.000000,1344,true,1344,24,24
30,2025-02-07T23:00:00.000000,2025-02-08T00:00:00.000000,2025-02-08T23:00:00.000000,2024-12-14T00:00:00.000000,2025-02-07T23:00:00.000000,1344,true,1344,24,24
31,2025-02-08T23:00:00.000000,2025-02-09T00:00:00.000000,2025-02-09T23:00:00.000000,2024-12-15T00:00:00.000000,2025-02-08T23:00:00.000000,1344,true,1344,24,24
32,2025-02-09T23:00:00.000000,2025-02-10T00:00:00.000000,2025-02-10T23:00:00.000000,2024-12-16T00:00:00.000000,2025-02-09T23:00:00.000000,1344,true,1344,24,24
33,2025-02-10T23:00:00.000000,2025-02-11T00:00:00.000000,2025-02-11T23:00:00.000000,2024-12-17T00:00:00.000000,2025-02-10T23:00:00.000000,1344,true,1344,24,24
34,2025-02-11T23:00:00.000000,2025-02-12T00:00:00.000000,2025-02-12T23:00:00.000000,2024-12-18T00:00:00.000000,2025-02-11T23:00:00.000000,1344,true,1344,24,24
35,2025-02-12T23:00:00.000000,2025-02-13T00:00:00.000000,2025-02-13T23:00:00.000000,2024-12-19T00:00:00.000000,2025-02-12T23:00:00.000000,1344,true,1344,24,24
36,2025-02-13T23:00:00.000000,2025-02-14T00:00:00.000000,2025-02-14T23:00:00.000000,2024-12-20T00:00:00.000000,2025-02-13T23:00:00.000000,1344,true,1344,24,24
37,2025-02-14T23:00:00.000000,2025-02-15T00:00:00.000000,2025-02-15T23:00:00.000000,2024-12-21T00:00:00.000000,2025-02-14T23:00:00.000000,1344,true,1344,24,24
38,2025-02-15T23:00:00.000000,2025-02-16T00:00:00.000000,2025-02-16T23:00:00.000000,2024-12-22T00:00:00.000000,2025-02-15T23:00:00.000000,1344,true,1344,24,24
39,2025-02-16T23:00:00.000000,2025-02-17T00:00:00.000000,2025-02-17T23:00:00.000000,2024-12-23T00:00:00.000000,2025-02-16T23:00:00.000000,1344,true,1344,24,24
40,2025-02-17T23:00:00.000000,2025-02-18T00:00:00.000000,2025-02-18T23:00:00.000000,2024-12-24T00:00:00.000000,2025-02-17T23:00:00.000000,1344,true,1344,24,24
41,2025-02-18T23:00:00.000000,2025-02-19T00:00:00.000000,2025-02-19T23:00:00.000000,2024-12-25T00:00:00.000000,2025-02-18T23:00:00.000000,1344,true,1344,24,24
42,2025-02-19T23:00:00.000000,2025-02-20T00:00:00.000000,2025-02-20T23:00:00.000000,2024-12-26T00:00:00.000000,2025-02-19T23:00:00.000000,1344,true,1344,24,24
43,2025-02-20T23:00:00.000000,2025-02-21T00:00:00.000000,2025-02-21T23:00:00.000000,2024-12-27T00:00:00.000000,2025-02-20T23:00:00.000000,1344,true,1344,24,24
44,2025-02-21T23:00:00.000000,2025-02-22T00:00:00.000000,2025-02-22T23:00:00.000000,2024-12-28T00:00:00.000000,2025-02-21T23:00:00.000000,1344,true,1344,24,24
45,2025-02-22T23:00:00.000000,2025-02-23T00:00:00.000000,2025-02-23T23:00:00.000000,2024-12-29T00:00:00.000000,2025-02-22T23:00:00.000000,1344,true,1344,24,24
46,2025-02-23T23:00:00.000000,2025-02-24T00:00:00.000000,2025-02-24T23:00:00.000000,2024-12-30T00:00:00.000000,2025-02-23T23:00:00.000000,1344,true,1344,24,24
47,2025-02-24T23:00:00.000000,2025-02-25T00:00:00.000000,2025-02-25T23:00:00.000000,2024-12-31T00:00:00.000000,2025-02-24T23:00:00.000000,1344,true,1344,24,24
48,2025-02-25T23:00:00.000000,2025-02-26T00:00:00.000000,2025-02-26T23:00:00.000000,2025-01-01T00:00:00.000000,2025-02-25T23:00:00.000000,1344,true,1344,24,24
49,2025-02-26T23:00:00.000000,2025-02-27T00:00:00.000000,2025-02-27T23:00:00.000000,2025-01-02T00:00:00.000000,2025-02-26T23:00:00.000000,1344,true,1344,24,24
50,2025-02-27T23:00:00.000000,2025-02-28T00:00:00.000000,2025-02-28T23:00:00.000000,2025-01-03T00:00:00.000000,2025-02-27T23:00:00.000000,1344,true,1344,24,24
51,2025-02-28T23:00:00.000000,2025-03-01T00:00:00.000000,2025-03-01T23:00:00.000000,2025-01-04T00:00:00.000000,2025-02-28T23:00:00.000000,1344,true,1344,24,24
52,2025-03-01T23:00:00.000000,2025-03-02T00:00:00.000000,2025-03-02T23:00:00.000000,2025-01-05T00:00:00.000000,2025-03-01T23:00:00.000000,1344,true,1344,24,24
53,2025-03-02T23:00:00.000000,2025-03-03T00:00:00.000000,2025-03-03T23:00:00.000000,2025-01-06T00:00:00.000000,2025-03-02T23:00:00.000000,1344,true,1344,24,24
54,2025-03-03T23:00:00.000000,2025-03-04T00:00:00.000000,2025-03-04T23:00:00.000000,2025-01-07T00:00:00.000000,2025-03-03T23:00:00.000000,1344,true,1344,24,24
55,2025-03-04T23:00:00.000000,2025-03-05T00:00:00.000000,2025-03-05T23:00:00.000000,2025-01-08T00:00:00.000000,2025-03-04T23:00:00.000000,1344,true,1344,24,24
56,2025-03-05T23:00:00.000000,2025-03-06T00:00:00.000000,2025-03-06T23:00:00.000000,2025-01-09T00:00:00.000000,2025-03-05T23:00:00.000000,1344,true,1344,24,24
57,2025-03-06T23:00:00.000000,2025-03-07T00:00:00.000000,2025-03-07T23:00:00.000000,2025-01-10T00:00:00.000000,2025-03-06T23:00:00.000000,1344,true,1344,24,24
58,2025-03-07T23:00:00.000000,2025-03-08T00:00:00.000000,2025-03-08T23:00:00.000000,2025-01-11T00:00:00.000000,2025-03-07T23:00:00.000000,1344,true,1344,24,24
59,2025-03-08T23:00:00.000000,2025-03-09T00:00:00.000000,2025-03-09T23:00:00.000000,2025-01-12T00:00:00.000000,2025-03-08T23:00:00.000000,1344,true,1344,24,24
60,2025-03-09T23:00:00.000000,2025-03-10T00:00:00.000000,2025-03-10T23:00:00.000000,2025-01-13T00:00:00.000000,2025-03-09T23:00:00.000000,1344,true,1344,24,24
61,2025-03-10T23:00:00.000000,2025-03-11T00:00:00.000000,2025-03-11T23:00:00.000000,2025-01-14T00:00:00.000000,2025-03-10T23:00:00.000000,1344,true,1344,24,24
62,2025-03-11T23:00:00.000000,2025-03-12T00:00:00.000000,2025-03-12T23:00:00.000000,2025-01-15T00:00:00.000000,2025-03-11T23:00:00.000000,1344,true,1344,24,24
63,2025-03-12T23:00:00.000000,2025-03-13T00:00:00.000000,2025-03-13T23:00:00.000000,2025-01-16T00:00:00.000000,2025-03-12T23:00:00.000000,1344,true,1344,24,24
64,2025-03-13T23:00:00.000000,2025-03-14T00:00:00.000000,2025-03-14T23:00:00.000000,2025-01-17T00:00:00.000000,2025-03-13T23:00:00.000000,1344,true,1344,24,24
65,2025-03-14T23:00:00.000000,2025-03-15T00:00:00.000000,2025-03-15T23:00:00.000000,2025-01-18T00:00:00.000000,2025-03-14T23:00:00.000000,1344,true,1344,24,24
66,2025-03-15T23:00:00.000000,2025-03-16T00:00:00.000000,2025-03-16T23:00:00.000000,2025-01-19T00:00:00.000000,2025-03-15T23:00:00.000000,1344,true,1344,24,24
67,2025-03-16T23:00:00.000000,2025-03-17T00:00:00.000000,2025-03-17T23:00:00.000000,2025-01-20T00:00:00.000000,2025-03-16T23:00:00.000000,1344,true,1344,24,24
68,2025-03-17T23:00:00.000000,2025-03-18T00:00:00.000000,2025-03-18T23:00:00.000000,2025-01-21T00:00:00.000000,2025-03-17T23:00:00.000000,1344,true,1344,24,24
69,2025-03-18T23:00:00.000000,2025-03-19T00:00:00.000000,2025-03-19T23:00:00.000000,2025-01-22T00:00:00.000000,2025-03-18T23:00:00.000000,1344,true,1344,24,24
70,2025-03-19T23:00:00.000000,2025-03-20T00:00:00.000000,2025-03-20T23:00:00.000000,2025-01-23T00:00:00.000000,2025-03-19T23:00:00.000000,1344,true,1344,24,24
71,2025-03-20T23:00:00.000000,2025-03-21T00:00:00.000000,2025-03-21T23:00:00.000000,2025-01-24T00:00:00.000000,2025-03-20T23:00:00.000000,1344,true,1344,24,24
72,2025-03-21T23:00:00.000000,2025-03-22T00:00:00.000000,2025-03-22T23:00:00.000000,2025-01-25T00:00:00.000000,2025-03-21T23:00:00.000000,1344,true,1344,24,24
73,2025-03-22T23:00:00.000000,2025-03-23T00:00:00.000000,2025-03-23T23:00:00.000000,2025-01-26T00:00:00.000000,2025-03-22T23:00:00.000000,1344,true,1344,24,24
74,2025-03-23T23:00:00.000000,2025-03-24T00:00:00.000000,2025-03-24T23:00:00.000000,2025-01-27T00:00:00.000000,2025-03-23T23:00:00.000000,1344,true,1344,24,24
75,2025-03-24T23:00:00.000000,2025-03-25T00:00:00.000000,2025-03-25T23:00:00.000000,2025-01-28T00:00:00.000000,2025-03-24T23:00:00.000000,1344,true,1344,24,24
76,2025-03-25T23:00:00.000000,2025-03-26T00:00:00.000000,2025-03-26T23:00:00.000000,2025-01-29T00:00:00.000000,2025-03-25T23:00:00.000000,1344,true,1344,24,24
77,2025-03-26T23:00:00.000000,2025-03-27T00:00:00.000000,2025-03-27T23:00:00.000000,2025-01-30T00:00:00.000000,2025-03-26T23:00:00.000000,1344,true,1344,24,24
78,2025-03-27T23:00:00.000000,2025-03-28T00:00:00.000000,2025-03-28T23:00:00.000000,2025-01-31T00:00:00.000000,2025-03-27T23:00:00.000000,1344,true,1344,24,24
79,2025-03-28T23:00:00.000000,2025-03-29T00:00:00.000000,2025-03-29T23:00:00.000000,2025-02-01T00:00:00.000000,2025-03-28T23:00:00.000000,1344,true,1344,24,24
80,2025-03-29T23:00:00.000000,2025-03-30T00:00:00.000000,2025-03-30T23:00:00.000000,2025-02-02T00:00:00.000000,2025-03-29T23:00:00.000000,1344,true,1344,24,24
81,2025-03-30T23:00:00.000000,2025-03-31T00:00:00.000000,2025-03-31T23:00:00.000000,2025-02-03T00:00:00.000000,2025-03-30T23:00:00.000000,1344,true,1344,24,24
82,2025-03-31T23:00:00.000000,2025-04-01T00:00:00.000000,2025-04-01T23:00:00.000000,2025-02-04T00:00:00.000000,2025-03-31T23:00:00.000000,1344,true,1344,24,24
83,2025-04-01T23:00:00.000000,2025-04-02T00:00:00.000000,2025-04-02T23:00:00.000000,2025-02-05T00:00:00.000000,2025-04-01T23:00:00.000000,1344,true,1344,24,24
84,2025-04-02T23:00:00.000000,2025-04-03T00:00:00.000000,2025-04-03T23:00:00.000000,2025-02-06T00:00:00.000000,2025-04-02T23:00:00.000000,1344,true,1344,24,24
85,2025-04-03T23:00:00.000000,2025-04-04T00:00:00.000000,2025-04-04T23:00:00.000000,2025-02-07T00:00:00.000000,2025-04-03T23:00:00.000000,1344,true,1344,24,24
86,2025-04-04T23:00:00.000000,2025-04-05T00:00:00.000000,2025-04-05T23:00:00.000000,2025-02-08T00:00:00.000000,2025-04-04T23:00:00.000000,1344,true,1344,24,24
87,2025-04-05T23:00:00.000000,2025-04-06T00:00:00.000000,2025-04-06T23:00:00.000000,2025-02-09T00:00:00.000000,2025-04-05T23:00:00.000000,1344,true,1344,24,24
88,2025-04-06T23:00:00.000000,2025-04-07T00:00:00.000000,2025-04-07T23:00:00.000000,2025-02-10T00:00:00.000000,2025-04-06T23:00:00.000000,1344,true,1344,24,24
89,2025-04-07T23:00:00.000000,2025-04-08T00:00:00.000000,2025-04-08T23:00:00.000000,2025-02-11T00:00:00.000000,2025-04-07T23:00:00.000000,1344,true,1344,24,24
90,2025-04-08T23:00:00.000000,2025-04-09T00:00:00.000000,2025-04-09T23:00:00.000000,2025-02-12T00:00:00.000000,2025-04-08T23:00:00.000000,1344,true,1344,24,24
91,2025-04-09T23:00:00.000000,2025-04-10T00:00:00.000000,2025-04-10T23:00:00.000000,2025-02-13T00:00:00.000000,2025-04-09T23:00:00.000000,1344,true,1344,24,24
92,2025-04-10T23:00:00.000000,2025-04-11T00:00:00.000000,2025-04-11T23:00:00.000000,2025-02-14T00:00:00.000000,2025-04-10T23:00:00.000000,1344,true,1344,24,24
93,2025-04-11T23:00:00.000000,2025-04-12T00:00:00.000000,2025-04-12T23:00:00.000000,2025-02-15T00:00:00.000000,2025-04-11T23:00:00.000000,1344,true,1344,24,24
94,2025-04-12T23:00:00.000000,2025-04-13T00:00:00.000000,2025-04-13T23:00:00.000000,2025-02-16T00:00:00.000000,2025-04-12T23:00:00.000000,1344,true,1344,24,24
95,2025-04-13T23:00:00.000000,2025-04-14T00:00:00.000000,2025-04-14T23:00:00.000000,2025-02-17T00:00:00.000000,2025-04-13T23:00:00.000000,1344,true,1344,24,24
96,2025-04-14T23:00:00.000000,2025-04-15T00:00:00.000000,2025-04-15T23:00:00.000000,2025-02-18T00:00:00.000000,2025-04-14T23:00:00.000000,1344,true,1344,24,24
97,2025-04-15T23:00:00.000000,2025-04-16T00:00:00.000000,2025-04-16T23:00:00.000000,2025-02-19T00:00:00.000000,2025-04-15T23:00:00.000000,1344,true,1344,24,24
98,2025-04-16T23:00:00.000000,2025-04-17T00:00:00.000000,2025-04-17T23:00:00.000000,2025-02-20T00:00:00.000000,2025-04-16T23:00:00.000000,1344,true,1344,24,24
99,2025-04-17T23:00:00.000000,2025-04-18T00:00:00.000000,2025-04-18T23:00:00.000000,2025-02-21T00:00:00.000000,2025-04-17T23:00:00.000000,1344,true,1344,24,24
100,2025-04-18T23:00:00.000000,2025-04-19T00:00:00.000000,2025-04-19T23:00:00.000000,2025-02-22T00:00:00.000000,2025-04-18T23:00:00.000000,1344,true,1344,24,24
101,2025-04-19T23:00:00.000000,2025-04-20T00:00:00.000000,2025-04-20T23:00:00.000000,2025-02-23T00:00:00.000000,2025-04-19T23:00:00.000000,1344,true,1344,24,24
102,2025-04-20T23:00:00.000000,2025-04-21T00:00:00.000000,2025-04-21T23:00:00.000000,2025-02-24T00:00:00.000000,2025-04-20T23:00:00.000000,1344,true,1344,24,24
103,2025-04-21T23:00:00.000000,2025-04-22T00:00:00.000000,2025-04-22T23:00:00.000000,2025-02-25T00:00:00.000000,2025-04-21T23:00:00.000000,1344,true,1344,24,24
104,2025-04-22T23:00:00.000000,2025-04-23T00:00:00.000000,2025-04-23T23:00:00.000000,2025-02-26T00:00:00.000000,2025-04-22T23:00:00.000000,1344,true,1344,24,24
105,2025-04-23T23:00:00.000000,2025-04-24T00:00:00.000000,2025-04-24T23:00:00.000000,2025-02-27T00:00:00.000000,2025-04-23T23:00:00.000000,1344,true,1344,24,24
106,2025-04-24T23:00:00.000000,2025-04-25T00:00:00.000000,2025-04-25T23:00:00.000000,2025-02-28T00:00:00.000000,2025-04-24T23:00:00.000000,1344,true,1344,24,24
107,2025-04-25T23:00:00.000000,2025-04-26T00:00:00.000000,2025-04-26T23:00:00.000000,2025-03-01T00:00:00.000000,2025-04-25T23:00:00.000000,1344,true,1344,24,24
108,2025-04-26T23:00:00.000000,2025-04-27T00:00:00.000000,2025-04-27T23:00:00.000000,2025-03-02T00:00:00.000000,2025-04-26T23:00:00.000000,1344,true,1344,24,24
109,2025-04-27T23:00:00.000000,2025-04-28T00:00:00.000000,2025-04-28T23:00:00.000000,2025-03-03T00:00:00.000000,2025-04-27T23:00:00.000000,1344,true,1344,24,24
110,2025-04-28T23:00:00.000000,2025-04-29T00:00:00.000000,2025-04-29T23:00:00.000000,2025-03-04T00:00:00.000000,2025-04-28T23:00:00.000000,1344,true,1344,24,24
111,2025-04-29T23:00:00.000000,2025-04-30T00:00:00.000000,2025-04-30T23:00:00.000000,2025-03-05T00:00:00.000000,2025-04-29T23:00:00.000000,1344,true,1344,24,24
112,2025-04-30T23:00:00.000000,2025-05-01T00:00:00.000000,2025-05-01T23:00:00.000000,2025-03-06T00:00:00.000000,2025-04-30T23:00:00.000000,1344,true,1344,24,24
113,2025-05-01T23:00:00.000000,2025-05-02T00:00:00.000000,2025-05-02T23:00:00.000000,2025-03-07T00:00:00.000000,2025-05-01T23:00:00.000000,1344,true,1344,24,24
114,2025-05-02T23:00:00.000000,2025-05-03T00:00:00.000000,2025-05-03T23:00:00.000000,2025-03-08T00:00:00.000000,2025-05-02T23:00:00.000000,1344,true,1344,24,24
115,2025-05-03T23:00:00.000000,2025-05-04T00:00:00.000000,2025-05-04T23:00:00.000000,2025-03-09T00:00:00.000000,2025-05-03T23:00:00.000000,1344,true,1344,24,24
116,2025-05-04T23:00:00.000000,2025-05-05T00:00:00.000000,2025-05-05T23:00:00.000000,2025-03-10T00:00:00.000000,2025-05-04T23:00:00.000000,1344,true,1344,24,24
117,2025-05-05T23:00:00.000000,2025-05-06T00:00:00.000000,2025-05-06T23:00:00.000000,2025-03-11T00:00:00.000000,2025-05-05T23:00:00.000000,1344,true,1344,24,24
118,2025-05-06T23:00:00.000000,2025-05-07T00:00:00.000000,2025-05-07T23:00:00.000000,2025-03-12T00:00:00.000000,2025-05-06T23:00:00.000000,1344,true,1344,24,24
119,2025-05-07T23:00:00.000000,2025-05-08T00:00:00.000000,2025-05-08T23:00:00.000000,2025-03-13T00:00:00.000000,2025-05-07T23:00:00.000000,1344,true,1344,24,24
120,2025-05-08T23:00:00.000000,2025-05-09T00:00:00.000000,2025-05-09T23:00:00.000000,2025-03-14T00:00:00.000000,2025-05-08T23:00:00.000000,1344,true,1344,24,24
121,2025-05-09T23:00:00.000000,2025-05-10T00:00:00.000000,2025-05-10T23:00:00.000000,2025-03-15T00:00:00.000000,2025-05-09T23:00:00.000000,1344,true,1344,24,24
122,2025-05-10T23:00:00.000000,2025-05-11T00:00:00.000000,2025-05-11T23:00:00.000000,2025-03-16T00:00:00.000000,2025-05-10T23:00:00.000000,1344,true,1344,24,24
123,2025-05-11T23:00:00.000000,2025-05-12T00:00:00.000000,2025-05-12T23:00:00.000000,2025-03-17T00:00:00.000000,2025-05-11T23:00:00.000000,1344,true,1344,24,24
124,2025-05-12T23:00:00.000000,2025-05-13T00:00:00.000000,2025-05-13T23:00:00.000000,2025-03-18T00:00:00.000000,2025-05-12T23:00:00.000000,1344,true,1344,24,24
125,2025-05-13T23:00:00.000000,2025-05-14T00:00:00.000000,2025-05-14T23:00:00.000000,2025-03-19T00:00:00.000000,2025-05-13T23:00:00.000000,1344,true,1344,24,24
126,2025-05-14T23:00:00.000000,2025-05-15T00:00:00.000000,2025-05-15T23:00:00.000000,2025-03-20T00:00:00.000000,2025-05-14T23:00:00.000000,1344,true,1344,24,24
127,2025-05-15T23:00:00.000000,2025-05-16T00:00:00.000000,2025-05-16T23:00:00.000000,2025-03-21T00:00:00.000000,2025-05-15T23:00:00.000000,1344,true,1344,24,24
128,2025-05-16T23:00:00.000000,2025-05-17T00:00:00.000000,2025-05-17T23:00:00.000000,2025-03-22T00:00:00.000000,2025-05-16T23:00:00.000000,1344,true,1344,24,24
129,2025-05-17T23:00:00.000000,2025-05-18T00:00:00.000000,2025-05-18T23:00:00.000000,2025-03-23T00:00:00.000000,2025-05-17T23:00:00.000000,1344,true,1344,24,24
130,2025-05-18T23:00:00.000000,2025-05-19T00:00:00.000000,2025-05-19T23:00:00.000000,2025-03-24T00:00:00.000000,2025-05-18T23:00:00.000000,1344,true,1344,24,24
131,2025-05-19T23:00:00.000000,2025-05-20T00:00:00.000000,2025-05-20T23:00:00.000000,2025-03-25T00:00:00.000000,2025-05-19T23:00:00.000000,1344,true,1344,24,24
132,2025-05-20T23:00:00.000000,2025-05-21T00:00:00.000000,2025-05-21T23:00:00.000000,2025-03-26T00:00:00.000000,2025-05-20T23:00:00.000000,1344,true,1344,24,24
133,2025-05-21T23:00:00.000000,2025-05-22T00:00:00.000000,2025-05-22T23:00:00.000000,2025-03-27T00:00:00.000000,2025-05-21T23:00:00.000000,1344,true,1344,24,24
134,2025-05-22T23:00:00.000000,2025-05-23T00:00:00.000000,2025-05-23T23:00:00.000000,2025-03-28T00:00:00.000000,2025-05-22T23:00:00.000000,1344,true,1344,24,24
135,2025-05-23T23:00:00.000000,2025-05-24T00:00:00.000000,2025-05-24T23:00:00.000000,2025-03-29T00:00:00.000000,2025-05-23T23:00:00.000000,1344,true,1344,24,24
136,2025-05-24T23:00:00.000000,2025-05-25T00:00:00.000000,2025-05-25T23:00:00.000000,2025-03-30T00:00:00.000000,2025-05-24T23:00:00.000000,1344,true,1344,24,24
137,2025-05-25T23:00:00.000000,2025-05-26T00:00:00.000000,2025-05-26T23:00:00.000000,2025-03-31T00:00:00.000000,2025-05-25T23:00:00.000000,1344,true,1344,24,24
138,2025-05-26T23:00:00.000000,2025-05-27T00:00:00.000000,2025-05-27T23:00:00.000000,2025-04-01T00:00:00.000000,2025-05-26T23:00:00.000000,1344,true,1344,24,24
139,2025-05-27T23:00:00.000000,2025-05-28T00:00:00.000000,2025-05-28T23:00:00.000000,2025-04-02T00:00:00.000000,2025-05-27T23:00:00.000000,1344,true,1344,24,24
140,2025-05-28T23:00:00.000000,2025-05-29T00:00:00.000000,2025-05-29T23:00:00.000000,2025-04-03T00:00:00.000000,2025-05-28T23:00:00.000000,1344,true,1344,24,24
141,2025-05-29T23:00:00.000000,2025-05-30T00:00:00.000000,2025-05-30T23:00:00.000000,2025-04-04T00:00:00.000000,2025-05-29T23:00:00.000000,1344,true,1344,24,24
142,2025-05-30T23:00:00.000000,2025-05-31T00:00:00.000000,2025-05-31T23:00:00.000000,2025-04-05T00:00:00.000000,2025-05-30T23:00:00.000000,1344,true,1344,24,24
143,2025-05-31T23:00:00.000000,2025-06-01T00:00:00.000000,2025-06-01T23:00:00.000000,2025-04-06T00:00:00.000000,2025-05-31T23:00:00.000000,1344,true,1344,24,24
144,2025-06-01T23:00:00.000000,2025-06-02T00:00:00.000000,2025-06-02T23:00:00.000000,2025-04-07T00:00:00.000000,2025-06-01T23:00:00.000000,1344,true,1344,24,24
145,2025-06-02T23:00:00.000000,2025-06-03T00:00:00.000000,2025-06-03T23:00:00.000000,2025-04-08T00:00:00.000000,2025-06-02T23:00:00.000000,1344,true,1344,24,24
146,2025-06-03T23:00:00.000000,2025-06-04T00:00:00.000000,2025-06-04T23:00:00.000000,2025-04-09T00:00:00.000000,2025-06-03T23:00:00.000000,1344,true,1344,24,24
147,2025-06-04T23:00:00.000000,2025-06-05T00:00:00.000000,2025-06-05T23:00:00.000000,2025-04-10T00:00:00.000000,2025-06-04T23:00:00.000000,1344,true,1344,24,24
148,2025-06-05T23:00:00.000000,2025-06-06T00:00:00.000000,2025-06-06T23:00:00.000000,2025-04-11T00:00:00.000000,2025-06-05T23:00:00.000000,1344,true,1344,24,24
149,2025-06-06T23:00:00.000000,2025-06-07T00:00:00.000000,2025-06-07T23:00:00.000000,2025-04-12T00:00:00.000000,2025-06-06T23:00:00.000000,1344,true,1344,24,24
150,2025-06-07T23:00:00.000000,2025-06-08T00:00:00.000000,2025-06-08T23:00:00.000000,2025-04-13T00:00:00.000000,2025-06-07T23:00:00.000000,1344,true,1344,24,24
151,2025-06-08T23:00:00.000000,2025-06-09T00:00:00.000000,2025-06-09T23:00:00.000000,2025-04-14T00:00:00.000000,2025-06-08T23:00:00.000000,1344,true,1344,24,24
152,2025-06-09T23:00:00.000000,2025-06-10T00:00:00.000000,2025-06-10T23:00:00.000000,2025-04-15T00:00:00.000000,2025-06-09T23:00:00.000000,1344,true,1344,24,24
153,2025-06-10T23:00:00.000000,2025-06-11T00:00:00.000000,2025-06-11T23:00:00.000000,2025-04-16T00:00:00.000000,2025-06-10T23:00:00.000000,1344,true,1344,24,24
154,2025-06-11T23:00:00.000000,2025-06-12T00:00:00.000000,2025-06-12T23:00:00.000000,2025-04-17T00:00:00.000000,2025-06-11T23:00:00.000000,1344,true,1344,24,24
155,2025-06-12T23:00:00.000000,2025-06-13T00:00:00.000000,2025-06-13T23:00:00.000000,2025-04-18T00:00:00.000000,2025-06-12T23:00:00.000000,1344,true,1344,24,24
156,2025-06-13T23:00:00.000000,2025-06-14T00:00:00.000000,2025-06-14T23:00:00.000000,2025-04-19T00:00:00.000000,2025-06-13T23:00:00.000000,1344,true,1344,24,24
157,2025-06-14T23:00:00.000000,2025-06-15T00:00:00.000000,2025-06-15T23:00:00.000000,2025-04-20T00:00:00.000000,2025-06-14T23:00:00.000000,1344,true,1344,24,24
158,2025-06-15T23:00:00.000000,2025-06-16T00:00:00.000000,2025-06-16T23:00:00.000000,2025-04-21T00:00:00.000000,2025-06-15T23:00:00.000000,1344,true,1344,24,24
159,2025-06-16T23:00:00.000000,2025-06-17T00:00:00.000000,2025-06-17T23:00:00.000000,2025-04-22T00:00:00.000000,2025-06-16T23:00:00.000000,1344,true,1344,24,24
160,2025-06-17T23:00:00.000000,2025-06-18T00:00:00.000000,2025-06-18T23:00:00.000000,2025-04-23T00:00:00.000000,2025-06-17T23:00:00.000000,1344,true,1344,24,24
161,2025-06-18T23:00:00.000000,2025-06-19T00:00:00.000000,2025-06-19T23:00:00.000000,2025-04-24T00:00:00.000000,2025-06-18T23:00:00.000000,1344,true,1344,24,24
162,2025-06-19T23:00:00.000000,2025-06-20T00:00:00.000000,2025-06-20T23:00:00.000000,2025-04-25T00:00:00.000000,2025-06-19T23:00:00.000000,1344,true,1344,24,24
163,2025-06-20T23:00:00.000000,2025-06-21T00:00:00.000000,2025-06-21T23:00:00.000000,2025-04-26T00:00:00.000000,2025-06-20T23:00:00.000000,1344,true,1344,24,24
164,2025-06-21T23:00:00.000000,2025-06-22T00:00:00.000000,2025-06-22T23:00:00.000000,2025-04-27T00:00:00.000000,2025-06-21T23:00:00.000000,1344,true,1344,24,24
165,2025-06-22T23:00:00.000000,2025-06-23T00:00:00.000000,2025-06-23T23:00:00.000000,2025-04-28T00:00:00.000000,2025-06-22T23:00:00.000000,1344,true,1344,24,24
166,2025-06-23T23:00:00.000000,2025-06-24T00:00:00.000000,2025-06-24T23:00:00.000000,2025-04-29T00:00:00.000000,2025-06-23T23:00:00.000000,1344,true,1344,24,24
167,2025-06-24T23:00:00.000000,2025-06-25T00:00:00.000000,2025-06-25T23:00:00.000000,2025-04-30T00:00:00.000000,2025-06-24T23:00:00.000000,1344,true,1344,24,24
168,2025-06-25T23:00:00.000000,2025-06-26T00:00:00.000000,2025-06-26T23:00:00.000000,2025-05-01T00:00:00.000000,2025-06-25T23:00:00.000000,1344,true,1344,24,24
169,2025-06-26T23:00:00.000000,2025-06-27T00:00:00.000000,2025-06-27T23:00:00.000000,2025-05-02T00:00:00.000000,2025-06-26T23:00:00.000000,1344,true,1344,24,24
170,2025-06-27T23:00:00.000000,2025-06-28T00:00:00.000000,2025-06-28T23:00:00.000000,2025-05-03T00:00:00.000000,2025-06-27T23:00:00.000000,1344,true,1344,24,24
171,2025-06-28T23:00:00.000000,2025-06-29T00:00:00.000000,2025-06-29T23:00:00.000000,2025-05-04T00:00:00.000000,2025-06-28T23:00:00.000000,1344,true,1344,24,24
172,2025-06-29T23:00:00.000000,2025-06-30T00:00:00.000000,2025-06-30T23:00:00.000000,2025-05-05T00:00:00.000000,2025-06-29T23:00:00.000000,1344,true,1344,24,24
173,2025-06-30T23:00:00.000000,2025-07-01T00:00:00.000000,2025-07-01T23:00:00.000000,2025-05-06T00:00:00.000000,2025-06-30T23:00:00.000000,1344,true,1344,24,24
174,2025-07-01T23:00:00.000000,2025-07-02T00:00:00.000000,2025-07-02T23:00:00.000000,2025-05-07T00:00:00.000000,2025-07-01T23:00:00.000000,1344,true,1344,24,24
175,2025-07-02T23:00:00.000000,2025-07-03T00:00:00.000000,2025-07-03T23:00:00.000000,2025-05-08T00:00:00.000000,2025-07-02T23:00:00.000000,1344,true,1344,24,24
176,2025-07-03T23:00:00.000000,2025-07-04T00:00:00.000000,2025-07-04T23:00:00.000000,2025-05-09T00:00:00.000000,2025-07-03T23:00:00.000000,1344,true,1344,24,24
177,2025-07-04T23:00:00.000000,2025-07-05T00:00:00.000000,2025-07-05T23:00:00.000000,2025-05-10T00:00:00.000000,2025-07-04T23:00:00.000000,1344,true,1344,24,24
178,2025-07-05T23:00:00.000000,2025-07-06T00:00:00.000000,2025-07-06T23:00:00.000000,2025-05-11T00:00:00.000000,2025-07-05T23:00:00.000000,1344,true,1344,24,24
179,2025-07-06T23:00:00.000000,2025-07-07T00:00:00.000000,2025-07-07T23:00:00.000000,2025-05-12T00:00:00.000000,2025-07-06T23:00:00.000000,1344,true,1344,24,24
180,2025-07-07T23:00:00.000000,2025-07-08T00:00:00.000000,2025-07-08T23:00:00.000000,2025-05-13T00:00:00.000000,2025-07-07T23:00:00.000000,1344,true,1344,24,24
181,2025-07-08T23:00:00.000000,2025-07-09T00:00:00.000000,2025-07-09T23:00:00.000000,2025-05-14T00:00:00.000000,2025-07-08T23:00:00.000000,1344,true,1344,24,24
182,2025-07-09T23:00:00.000000,2025-07-10T00:00:00.000000,2025-07-10T23:00:00.000000,2025-05-15T00:00:00.000000,2025-07-09T23:00:00.000000,1344,true,1344,24,24
183,2025-07-10T23:00:00.000000,2025-07-11T00:00:00.000000,2025-07-11T23:00:00.000000,2025-05-16T00:00:00.000000,2025-07-10T23:00:00.000000,1344,true,1344,24,24
184,2025-07-11T23:00:00.000000,2025-07-12T00:00:00.000000,2025-07-12T23:00:00.000000,2025-05-17T00:00:00.000000,2025-07-11T23:00:00.000000,1344,true,1344,24,24
185,2025-07-12T23:00:00.000000,2025-07-13T00:00:00.000000,2025-07-13T23:00:00.000000,2025-05-18T00:00:00.000000,2025-07-12T23:00:00.000000,1344,true,1344,24,24
186,2025-07-13T23:00:00.000000,2025-07-14T00:00:00.000000,2025-07-14T23:00:00.000000,2025-05-19T00:00:00.000000,2025-07-13T23:00:00.000000,1344,true,1344,24,24
187,2025-07-14T23:00:00.000000,2025-07-15T00:00:00.000000,2025-07-15T23:00:00.000000,2025-05-20T00:00:00.000000,2025-07-14T23:00:00.000000,1344,true,1344,24,24
188,2025-07-15T23:00:00.000000,2025-07-16T00:00:00.000000,2025-07-16T23:00:00.000000,2025-05-21T00:00:00.000000,2025-07-15T23:00:00.000000,1344,true,1344,24,24
189,2025-07-16T23:00:00.000000,2025-07-17T00:00:00.000000,2025-07-17T23:00:00.000000,2025-05-22T00:00:00.000000,2025-07-16T23:00:00.000000,1344,true,1344,24,24
190,2025-07-17T23:00:00.000000,2025-07-18T00:00:00.000000,2025-07-18T23:00:00.000000,2025-05-23T00:00:00.000000,2025-07-17T23:00:00.000000,1344,true,1344,24,24
191,2025-07-18T23:00:00.000000,2025-07-19T00:00:00.000000,2025-07-19T23:00:00.000000,2025-05-24T00:00:00.000000,2025-07-18T23:00:00.000000,1344,true,1344,24,24
192,2025-07-19T23:00:00.000000,2025-07-20T00:00:00.000000,2025-07-20T23:00:00.000000,2025-05-25T00:00:00.000000,2025-07-19T23:00:00.000000,1344,true,1344,24,24
193,2025-07-20T23:00:00.000000,2025-07-21T00:00:00.000000,2025-07-21T23:00:00.000000,2025-05-26T00:00:00.000000,2025-07-20T23:00:00.000000,1344,true,1344,24,24
194,2025-07-21T23:00:00.000000,2025-07-22T00:00:00.000000,2025-07-22T23:00:00.000000,2025-05-27T00:00:00.000000,2025-07-21T23:00:00.000000,1344,true,1344,24,24
195,2025-07-22T23:00:00.000000,2025-07-23T00:00:00.000000,2025-07-23T23:00:00.000000,2025-05-28T00:00:00.000000,2025-07-22T23:00:00.000000,1344,true,1344,24,24
196,2025-07-23T23:00:00.000000,2025-07-24T00:00:00.000000,2025-07-24T23:00:00.000000,2025-05-29T00:00:00.000000,2025-07-23T23:00:00.000000,1344,true,1344,24,24
197,2025-07-24T23:00:00.000000,2025-07-25T00:00:00.000000,2025-07-25T23:00:00.000000,2025-05-30T00:00:00.000000,2025-07-24T23:00:00.000000,1344,true,1344,24,24
198,2025-07-25T23:00:00.000000,2025-07-26T00:00:00.000000,2025-07-26T23:00:00.000000,2025-05-31T00:00:00.000000,2025-07-25T23:00:00.000000,1344,true,1344,24,24
199,2025-07-26T23:00:00.000000,2025-07-27T00:00:00.000000,2025-07-27T23:00:00.000000,2025-06-01T00:00:00.000000,2025-07-26T23:00:00.000000,1344,true,1344,24,24
200,2025-07-27T23:00:00.000000,2025-07-28T00:00:00.000000,2025-07-28T23:00:00.000000,2025-06-02T00:00:00.000000,2025-07-27T23:00:00.000000,1344,true,1344,24,24
201,2025-07-28T23:00:00.000000,2025-07-29T00:00:00.000000,2025-07-29T23:00:00.000000,2025-06-03T00:00:00.000000,2025-07-28T23:00:00.000000,1344,true,1344,24,24
202,2025-07-29T23:00:00.000000,2025-07-30T00:00:00.000000,2025-07-30T23:00:00.000000,2025-06-04T00:00:00.000000,2025-07-29T23:00:00.000000,1344,true,1344,24,24
203,2025-07-30T23:00:00.000000,2025-07-31T00:00:00.000000,2025-07-31T23:00:00.000000,2025-06-05T00:00:00.000000,2025-07-30T23:00:00.000000,1344,true,1344,24,24
204,2025-07-31T23:00:00.000000,2025-08-01T00:00:00.000000,2025-08-01T23:00:00.000000,2025-06-06T00:00:00.000000,2025-07-31T23:00:00.000000,1344,true,1344,24,24
205,2025-08-01T23:00:00.000000,2025-08-02T00:00:00.000000,2025-08-02T23:00:00.000000,2025-06-07T00:00:00.000000,2025-08-01T23:00:00.000000,1344,true,1344,24,24
206,2025-08-02T23:00:00.000000,2025-08-03T00:00:00.000000,2025-08-03T23:00:00.000000,2025-06-08T00:00:00.000000,2025-08-02T23:00:00.000000,1344,true,1344,24,24
207,2025-08-03T23:00:00.000000,2025-08-04T00:00:00.000000,2025-08-04T23:00:00.000000,2025-06-09T00:00:00.000000,2025-08-03T23:00:00.000000,1344,true,1344,24,24
208,2025-08-04T23:00:00.000000,2025-08-05T00:00:00.000000,2025-08-05T23:00:00.000000,2025-06-10T00:00:00.000000,2025-08-04T23:00:00.000000,1344,true,1344,24,24
209,2025-08-05T23:00:00.000000,2025-08-06T00:00:00.000000,2025-08-06T23:00:00.000000,2025-06-11T00:00:00.000000,2025-08-05T23:00:00.000000,1344,true,1344,24,24
210,2025-08-06T23:00:00.000000,2025-08-07T00:00:00.000000,2025-08-07T23:00:00.000000,2025-06-12T00:00:00.000000,2025-08-06T23:00:00.000000,1344,true,1344,24,24
211,2025-08-07T23:00:00.000000,2025-08-08T00:00:00.000000,2025-08-08T23:00:00.000000,2025-06-13T00:00:00.000000,2025-08-07T23:00:00.000000,1344,true,1344,24,24
212,2025-08-08T23:00:00.000000,2025-08-09T00:00:00.000000,2025-08-09T23:00:00.000000,2025-06-14T00:00:00.000000,2025-08-08T23:00:00.000000,1344,true,1344,24,24
213,2025-08-09T23:00:00.000000,2025-08-10T00:00:00.000000,2025-08-10T23:00:00.000000,2025-06-15T00:00:00.000000,2025-08-09T23:00:00.000000,1344,true,1344,24,24
214,2025-08-10T23:00:00.000000,2025-08-11T00:00:00.000000,2025-08-11T23:00:00.000000,2025-06-16T00:00:00.000000,2025-08-10T23:00:00.000000,1344,true,1344,24,24
215,2025-08-11T23:00:00.000000,2025-08-12T00:00:00.000000,2025-08-12T23:00:00.000000,2025-06-17T00:00:00.000000,2025-08-11T23:00:00.000000,1344,true,1344,24,24
216,2025-08-12T23:00:00.000000,2025-08-13T00:00:00.000000,2025-08-13T23:00:00.000000,2025-06-18T00:00:00.000000,2025-08-12T23:00:00.000000,1344,true,1344,24,24
217,2025-08-13T23:00:00.000000,2025-08-14T00:00:00.000000,2025-08-14T23:00:00.000000,2025-06-19T00:00:00.000000,2025-08-13T23:00:00.000000,1344,true,1344,24,24
218,2025-08-14T23:00:00.000000,2025-08-15T00:00:00.000000,2025-08-15T23:00:00.000000,2025-06-20T00:00:00.000000,2025-08-14T23:00:00.000000,1344,true,1344,24,24
219,2025-08-15T23:00:00.000000,2025-08-16T00:00:00.000000,2025-08-16T23:00:00.000000,2025-06-21T00:00:00.000000,2025-08-15T23:00:00.000000,1344,true,1344,24,24
220,2025-08-16T23:00:00.000000,2025-08-17T00:00:00.000000,2025-08-17T23:00:00.000000,2025-06-22T00:00:00.000000,2025-08-16T23:00:00.000000,1344,true,1344,24,24
221,2025-08-17T23:00:00.000000,2025-08-18T00:00:00.000000,2025-08-18T23:00:00.000000,2025-06-23T00:00:00.000000,2025-08-17T23:00:00.000000,1344,true,1344,24,24
222,2025-08-18T23:00:00.000000,2025-08-19T00:00:00.000000,2025-08-19T23:00:00.000000,2025-06-24T00:00:00.000000,2025-08-18T23:00:00.000000,1344,true,1344,24,24
223,2025-08-19T23:00:00.000000,2025-08-20T00:00:00.000000,2025-08-20T23:00:00.000000,2025-06-25T00:00:00.000000,2025-08-19T23:00:00.000000,1344,true,1344,24,24
224,2025-08-20T23:00:00.000000,2025-08-21T00:00:00.000000,2025-08-21T23:00:00.000000,2025-06-26T00:00:00.000000,2025-08-20T23:00:00.000000,1344,true,1344,24,24
225,2025-08-21T23:00:00.000000,2025-08-22T00:00:00.000000,2025-08-22T23:00:00.000000,2025-06-27T00:00:00.000000,2025-08-21T23:00:00.000000,1344,true,1344,24,24
226,2025-08-22T23:00:00.000000,2025-08-23T00:00:00.000000,2025-08-23T23:00:00.000000,2025-06-28T00:00:00.000000,2025-08-22T23:00:00.000000,1344,true,1344,24,24
227,2025-08-23T23:00:00.000000,2025-08-24T00:00:00.000000,2025-08-24T23:00:00.000000,2025-06-29T00:00:00.000000,2025-08-23T23:00:00.000000,1344,true,1344,24,24
228,2025-08-24T23:00:00.000000,2025-08-25T00:00:00.000000,2025-08-25T23:00:00.000000,2025-06-30T00:00:00.000000,2025-08-24T23:00:00.000000,1344,true,1344,24,24
229,2025-08-25T23:00:00.000000,2025-08-26T00:00:00.000000,2025-08-26T23:00:00.000000,2025-07-01T00:00:00.000000,2025-08-25T23:00:00.000000,1344,true,1344,24,24
230,2025-08-26T23:00:00.000000,2025-08-27T00:00:00.000000,2025-08-27T23:00:00.000000,2025-07-02T00:00:00.000000,2025-08-26T23:00:00.000000,1344,true,1344,24,24
231,2025-08-27T23:00:00.000000,2025-08-28T00:00:00.000000,2025-08-28T23:00:00.000000,2025-07-03T00:00:00.000000,2025-08-27T23:00:00.000000,1344,true,1344,24,24
232,2025-08-28T23:00:00.000000,2025-08-29T00:00:00.000000,2025-08-29T23:00:00.000000,2025-07-04T00:00:00.000000,2025-08-28T23:00:00.000000,1344,true,1344,24,24
233,2025-08-29T23:00:00.000000,2025-08-30T00:00:00.000000,2025-08-30T23:00:00.000000,2025-07-05T00:00:00.000000,2025-08-29T23:00:00.000000,1344,true,1344,24,24
234,2025-08-30T23:00:00.000000,2025-08-31T00:00:00.000000,2025-08-31T23:00:00.000000,2025-07-06T00:00:00.000000,2025-08-30T23:00:00.000000,1344,true,1344,24,24
235,2025-08-31T23:00:00.000000,2025-09-01T00:00:00.000000,2025-09-01T23:00:00.000000,2025-07-07T00:00:00.000000,2025-08-31T23:00:00.000000,1344,true,1344,24,24
236,2025-09-01T23:00:00.000000,2025-09-02T00:00:00.000000,2025-09-02T23:00:00.000000,2025-07-08T00:00:00.000000,2025-09-01T23:00:00.000000,1344,true,1344,24,24
237,2025-09-02T23:00:00.000000,2025-09-03T00:00:00.000000,2025-09-03T23:00:00.000000,2025-07-09T00:00:00.000000,2025-09-02T23:00:00.000000,1344,true,1344,24,24
238,2025-09-03T23:00:00.000000,2025-09-04T00:00:00.000000,2025-09-04T23:00:00.000000,2025-07-10T00:00:00.000000,2025-09-03T23:00:00.000000,1344,true,1344,24,24
239,2025-09-04T23:00:00.000000,2025-09-05T00:00:00.000000,2025-09-05T23:00:00.000000,2025-07-11T00:00:00.000000,2025-09-04T23:00:00.000000,1344,true,1344,24,24
240,2025-09-05T23:00:00.000000,2025-09-06T00:00:00.000000,2025-09-06T23:00:00.000000,2025-07-12T00:00:00.000000,2025-09-05T23:00:00.000000,1344,true,1344,24,24
241,2025-09-06T23:00:00.000000,2025-09-07T00:00:00.000000,2025-09-07T23:00:00.000000,2025-07-13T00:00:00.000000,2025-09-06T23:00:00.000000,1344,true,1344,24,24
242,2025-09-07T23:00:00.000000,2025-09-08T00:00:00.000000,2025-09-08T23:00:00.000000,2025-07-14T00:00:00.000000,2025-09-07T23:00:00.000000,1344,true,1344,24,24
243,2025-09-08T23:00:00.000000,2025-09-09T00:00:00.000000,2025-09-09T23:00:00.000000,2025-07-15T00:00:00.000000,2025-09-08T23:00:00.000000,1344,true,1344,24,24
244,2025-09-09T23:00:00.000000,2025-09-10T00:00:00.000000,2025-09-10T23:00:00.000000,2025-07-16T00:00:00.000000,2025-09-09T23:00:00.000000,1344,true,1344,24,24
245,2025-09-10T23:00:00.000000,2025-09-11T00:00:00.000000,2025-09-11T23:00:00.000000,2025-07-17T00:00:00.000000,2025-09-10T23:00:00.000000,1344,true,1344,24,24
246,2025-09-11T23:00:00.000000,2025-09-12T00:00:00.000000,2025-09-12T23:00:00.000000,2025-07-18T00:00:00.000000,2025-09-11T23:00:00.000000,1344,true,1344,24,24
247,2025-09-12T23:00:00.000000,2025-09-13T00:00:00.000000,2025-09-13T23:00:00.000000,2025-07-19T00:00:00.000000,2025-09-12T23:00:00.000000,1344,true,1344,24,24
248,2025-09-13T23:00:00.000000,2025-09-14T00:00:00.000000,2025-09-14T23:00:00.000000,2025-07-20T00:00:00.000000,2025-09-13T23:00:00.000000,1344,true,1344,24,24
249,2025-09-14T23:00:00.000000,2025-09-15T00:00:00.000000,2025-09-15T23:00:00.000000,2025-07-21T00:00:00.000000,2025-09-14T23:00:00.000000,1344,true,1344,24,24
250,2025-09-15T23:00:00.000000,2025-09-16T00:00:00.000000,2025-09-16T23:00:00.000000,2025-07-22T00:00:00.000000,2025-09-15T23:00:00.000000,1344,true,1344,24,24
251,2025-09-16T23:00:00.000000,2025-09-17T00:00:00.000000,2025-09-17T23:00:00.000000,2025-07-23T00:00:00.000000,2025-09-16T23:00:00.000000,1344,true,1344,24,24
252,2025-09-17T23:00:00.000000,2025-09-18T00:00:00.000000,2025-09-18T23:00:00.000000,2025-07-24T00:00:00.000000,2025-09-17T23:00:00.000000,1344,true,1344,24,24
253,2025-09-18T23:00:00.000000,2025-09-19T00:00:00.000000,2025-09-19T23:00:00.000000,2025-07-25T00:00:00.000000,2025-09-18T23:00:00.000000,1344,true,1344,24,24
254,2025-09-19T23:00:00.000000,2025-09-20T00:00:00.000000,2025-09-20T23:00:00.000000,2025-07-26T00:00:00.000000,2025-09-19T23:00:00.000000,1344,true,1344,24,24
255,2025-09-20T23:00:00.000000,2025-09-21T00:00:00.000000,2025-09-21T23:00:00.000000,2025-07-27T00:00:00.000000,2025-09-20T23:00:00.000000,1344,true,1344,24,24
256,2025-09-21T23:00:00.000000,2025-09-22T00:00:00.000000,2025-09-22T23:00:00.000000,2025-07-28T00:00:00.000000,2025-09-21T23:00:00.000000,1344,true,1344,24,24
257,2025-09-22T23:00:00.000000,2025-09-23T00:00:00.000000,2025-09-23T23:00:00.000000,2025-07-29T00:00:00.000000,2025-09-22T23:00:00.000000,1344,true,1344,24,24
