timestamp,da_price_eur_mwh,wind_avail_mw,solar_avail_mw
2026-07-13 00:00,58.54,92.0,0.0
2026-07-13 01:00,56.34,12.0,0.0
2026-07-13 02:00,48.32,17.91,0.0
2026-07-13 03:00,57.71,39.07,0.0
2026-07-13 04:00,58.1,41.6,0.0
2026-07-13 05:00,58.83,24.72,0.0
2026-07-13 06:00,77.2,5.86,0.0
2026-07-13 07:00,93.24,28.62,10.95
2026-07-13 08:00,95.28,52.38,21.15
2026-07-13 09:00,88.65,49.9,29.91
2026-07-13 10:00,62.68,44.62,36.63
2026-07-13 11:00,57.71,64.76,40.86
2026-07-13 12:00,44.14,49.5,42.3
2026-07-13 13:00,39.33,37.17,40.86
2026-07-13 14:00,39.35,46.04,36.63
2026-07-13 15:00,64.77,40.6,29.91
2026-07-13 16:00,75.51,40.53,21.15
2026-07-13 17:00,95.87,38.28,10.95
2026-07-13 18:00,138.32,42.93,0.0
2026-07-13 19:00,155.63,62.33,0.0
2026-07-13 20:00,122.63,63.58,0.0
2026-07-13 21:00,96.91,72.45,0.0
2026-07-13 22:00,81.02,44.2,0.0
2026-07-13 23:00,79.29,43.52,0.0
2026-07-14 00:00,47.24,31.9,0.0
2026-07-14 01:00,42.61,15.1,0.0
2026-07-14 02:00,37.8,3.0,0.0
2026-07-14 03:00,45.38,92.0,0.0
2026-07-14 04:00,49.45,11.02,0.0
2026-07-14 05:00,47.0,92.0,0.0
2026-07-14 06:00,54.64,92.0,0.0
2026-07-14 07:00,74.73,92.0,9.56
2026-07-14 08:00,93.58,92.0,18.46
2026-07-14 09:00,80.14,92.0,26.11
2026-07-14 10:00,60.94,3.21,31.97
2026-07-14 11:00,37.69,21.64,35.66
2026-07-14 12:00,35.07,19.51,36.92
2026-07-14 13:00,30.38,9.92,35.66
2026-07-14 14:00,33.99,6.83,31.97
2026-07-14 15:00,51.91,10.18,26.11
2026-07-14 16:00,67.02,12.61,18.46
2026-07-14 17:00,91.75,92.0,9.56
2026-07-14 18:00,130.09,92.0,0.0
2026-07-14 19:00,143.41,92.0,0.0
2026-07-14 20:00,113.47,36.75,0.0
2026-07-14 21:00,74.94,62.62,0.0
2026-07-14 22:00,65.76,50.86,0.0
2026-07-14 23:00,52.86,46.9,0.0
2026-07-15 00:00,60.17,26.73,0.0
2026-07-15 01:00,58.35,18.59,0.0
2026-07-15 02:00,65.97,22.94,0.0
2026-07-15 03:00,50.81,39.56,0.0
2026-07-15 04:00,62.81,29.51,0.0
2026-07-15 05:00,51.91,20.49,0.0
2026-07-15 06:00,71.99,92.0,0.0
2026-07-15 07:00,94.98,92.0,11.63
2026-07-15 08:00,107.52,92.0,22.46
2026-07-15 09:00,94.27,92.0,31.76
2026-07-15 10:00,76.76,92.0,38.9
2026-07-15 11:00,53.91,92.0,43.39
2026-07-15 12:00,45.23,92.0,44.92
2026-07-15 13:00,49.15,81.17,43.39
2026-07-15 14:00,45.86,92.0,38.9
2026-07-15 15:00,53.35,92.0,31.76
2026-07-15 16:00,73.2,77.66,22.46
2026-07-15 17:00,96.49,92.0,11.63
2026-07-15 18:00,146.99,92.0,0.0
2026-07-15 19:00,156.86,92.0,0.0
2026-07-15 20:00,128.15,92.0,0.0
2026-07-15 21:00,95.44,92.0,0.0
2026-07-15 22:00,82.95,92.0,0.0
2026-07-15 23:00,73.76,92.0,0.0
2026-07-16 00:00,63.67,92.0,0.0
2026-07-16 01:00,64.27,92.0,0.0
2026-07-16 02:00,54.55,92.0,0.0
2026-07-16 03:00,55.35,92.0,0.0
2026-07-16 04:00,56.23,92.0,0.0
2026-07-16 05:00,56.35,92.0,0.0
2026-07-16 06:00,78.45,92.0,0.0
2026-07-16 07:00,92.71,92.0,11.03
2026-07-16 08:00,105.6,92.0,21.3
2026-07-16 09:00,94.41,92.0,30.12
2026-07-16 10:00,76.2,92.0,36.9
2026-07-16 11:00,61.52,92.0,41.15
2026-07-16 12:00,48.93,92.0,42.6
2026-07-16 13:00,42.98,92.0,41.15
2026-07-16 14:00,48.05,92.0,36.9
2026-07-16 15:00,52.4,92.0,30.12
2026-07-16 16:00,72.84,92.0,21.3
2026-07-16 17:00,95.59,92.0,11.03
2026-07-16 18:00,139.54,92.0,0.0
2026-07-16 19:00,159.92,92.0,0.0
2026-07-16 20:00,120.09,12.17,0.0
2026-07-16 21:00,97.26,17.49,0.0
2026-07-16 22:00,91.32,6.97,0.0
2026-07-16 23:00,69.39,92.0,0.0
2026-07-17 00:00,46.82,8.06,0.0
2026-07-17 01:00,32.79,11.68,0.0
2026-07-17 02:00,34.16,18.29,0.0
2026-07-17 03:00,28.69,92.0,0.0
2026-07-17 04:00,33.36,7.03,0.0
2026-07-17 05:00,45.43,13.3,0.0
2026-07-17 06:00,42.03,92.0,0.0
2026-07-17 07:00,75.0,92.0,9.06
2026-07-17 08:00,83.82,92.0,17.5
2026-07-17 09:00,64.83,92.0,24.75
2026-07-17 10:00,41.72,92.0,30.32
2026-07-17 11:00,34.82,92.0,33.81
2026-07-17 12:00,23.21,92.0,35.01
2026-07-17 13:00,23.79,92.0,33.81
2026-07-17 14:00,25.52,9.31,30.32
2026-07-17 15:00,49.0,92.0,24.75
2026-07-17 16:00,56.96,92.0,17.5
2026-07-17 17:00,74.25,92.0,9.06
2026-07-17 18:00,123.47,92.0,0.0
2026-07-17 19:00,135.71,92.0,0.0
2026-07-17 20:00,110.55,92.0,0.0
2026-07-17 21:00,81.4,92.0,0.0
2026-07-17 22:00,62.53,92.0,0.0
2026-07-17 23:00,57.17,92.0,0.0
2026-07-18 00:00,40.45,92.0,0.0
2026-07-18 01:00,39.74,92.0,0.0
2026-07-18 02:00,35.02,92.0,0.0
2026-07-18 03:00,37.24,92.0,0.0
2026-07-18 04:00,32.32,92.0,0.0
2026-07-18 05:00,49.39,92.0,0.0
2026-07-18 06:00,56.25,92.0,0.0
2026-07-18 07:00,68.76,92.0,12.35
2026-07-18 08:00,81.49,8.49,23.86
2026-07-18 09:00,20.46,14.54,33.74
2026-07-18 10:00,5.61,38.58,41.32
2026-07-18 11:00,-3.44,44.63,46.09
2026-07-18 12:00,-5.93,56.04,47.71
2026-07-18 13:00,-24.93,51.96,46.09
2026-07-18 14:00,-30.35,52.87,41.32
2026-07-18 15:00,-23.21,43.26,33.74
2026-07-18 16:00,65.19,56.9,23.86
2026-07-18 17:00,80.7,40.66,12.35
2026-07-18 18:00,125.09,51.44,0.0
2026-07-18 19:00,135.91,48.81,0.0
2026-07-18 20:00,106.74,64.96,0.0
2026-07-18 21:00,87.98,75.31,0.0
2026-07-18 22:00,66.52,92.0,0.0
2026-07-18 23:00,52.63,92.0,0.0
2026-07-19 00:00,52.81,88.81,0.0
2026-07-19 01:00,44.97,87.88,0.0
2026-07-19 02:00,49.1,71.73,0.0
2026-07-19 03:00,50.7,64.59,0.0
2026-07-19 04:00,62.63,85.41,0.0
2026-07-19 05:00,57.8,92.0,0.0
2026-07-19 06:00,74.92,84.57,0.0
2026-07-19 07:00,86.03,70.6,11.56
2026-07-19 08:00,91.91,71.05,22.33
2026-07-19 09:00,79.23,54.28,31.58
2026-07-19 10:00,62.67,45.03,38.67
2026-07-19 11:00,63.79,49.33,43.14
2026-07-19 12:00,38.09,65.25,44.66
2026-07-19 13:00,44.05,73.65,43.14
2026-07-19 14:00,36.61,42.06,38.67
2026-07-19 15:00,61.61,46.26,31.58
2026-07-19 16:00,77.33,47.25,22.33
2026-07-19 17:00,96.08,52.96,11.56
2026-07-19 18:00,138.78,75.23,0.0
2026-07-19 19:00,147.09,46.8,0.0
2026-07-19 20:00,121.7,38.65,0.0
2026-07-19 21:00,90.29,46.79,0.0
2026-07-19 22:00,69.67,24.99,0.0
2026-07-19 23:00,57.36,45.34,0.0
