timestamp,da_price_eur_mwh,id_price_eur_mwh
2026-07-15 00:00,60.17,60.17
2026-07-15 00:15,60.17,62.6
2026-07-15 00:30,60.17,54.22
2026-07-15 00:45,60.17,54.38
2026-07-15 01:00,58.35,52.64
2026-07-15 01:15,58.35,57.52
2026-07-15 01:30,58.35,66.72
2026-07-15 01:45,58.35,55.1
2026-07-15 02:00,65.97,62.41
2026-07-15 02:15,65.97,76.63
2026-07-15 02:30,65.97,67.27
2026-07-15 02:45,65.97,219.55
2026-07-15 03:00,50.81,207.81
2026-07-15 03:15,50.81,56.16
2026-07-15 03:30,50.81,54.93
2026-07-15 03:45,50.81,65.86
2026-07-15 04:00,62.81,81.81
2026-07-15 04:15,62.81,84.63
2026-07-15 04:30,62.81,84.17
2026-07-15 04:45,62.81,99.78
2026-07-15 05:00,51.91,77.79
2026-07-15 05:15,51.91,53.29
2026-07-15 05:30,51.91,67.38
2026-07-15 05:45,51.91,59.39
2026-07-15 06:00,71.99,78.57
2026-07-15 06:15,71.99,88.71
2026-07-15 06:30,71.99,70.11
2026-07-15 06:45,71.99,59.32
2026-07-15 07:00,94.98,71.06
2026-07-15 07:15,94.98,69.9
2026-07-15 07:30,94.98,80.12
2026-07-15 07:45,94.98,88.56
2026-07-15 08:00,107.52,105.19
2026-07-15 08:15,107.52,93.06
2026-07-15 08:30,107.52,75.88
2026-07-15 08:45,107.52,84.28
2026-07-15 09:00,94.27,72.59
2026-07-15 09:15,94.27,82.15
2026-07-15 09:30,94.27,91.5
2026-07-15 09:45,94.27,93.43
2026-07-15 10:00,76.76,82.97
2026-07-15 10:15,76.76,83.48
2026-07-15 10:30,76.76,86.57
2026-07-15 10:45,76.76,77.78
2026-07-15 11:00,53.91,-26.94
2026-07-15 11:15,53.91,55.04
2026-07-15 11:30,53.91,62.14
2026-07-15 11:45,53.91,56.54
2026-07-15 12:00,45.23,51.89
2026-07-15 12:15,45.23,47.84
2026-07-15 12:30,45.23,46.13
2026-07-15 12:45,45.23,53.37
2026-07-15 13:00,49.15,37.32
2026-07-15 13:15,49.15,28.61
2026-07-15 13:30,49.15,20.4
2026-07-15 13:45,49.15,6.59
2026-07-15 14:00,45.86,7.83
2026-07-15 14:15,45.86,24.08
2026-07-15 14:30,45.86,26.96
2026-07-15 14:45,45.86,33.47
2026-07-15 15:00,53.35,53.86
2026-07-15 15:15,53.35,65.68
2026-07-15 15:30,53.35,61.98
2026-07-15 15:45,53.35,72.0
2026-07-15 16:00,73.2,88.02
2026-07-15 16:15,73.2,76.78
2026-07-15 16:30,73.2,70.53
2026-07-15 16:45,73.2,57.88
2026-07-15 17:00,96.49,77.0
2026-07-15 17:15,96.49,78.65
2026-07-15 17:30,96.49,90.34
2026-07-15 17:45,96.49,107.37
2026-07-15 18:00,146.99,142.71
2026-07-15 18:15,146.99,147.31
2026-07-15 18:30,146.99,137.87
2026-07-15 18:45,146.99,144.42
2026-07-15 19:00,156.86,153.75
2026-07-15 19:15,156.86,138.05
2026-07-15 19:30,156.86,151.11
2026-07-15 19:45,156.86,147.1
2026-07-15 20:00,128.15,116.03
2026-07-15 20:15,128.15,109.43
2026-07-15 20:30,128.15,108.22
2026-07-15 20:45,128.15,117.05
2026-07-15 21:00,95.44,175.41
2026-07-15 21:15,95.44,90.88
2026-07-15 21:30,95.44,95.28
2026-07-15 21:45,95.44,107.2
2026-07-15 22:00,82.95,88.69
2026-07-15 22:15,82.95,73.96
2026-07-15 22:30,82.95,85.81
2026-07-15 22:45,82.95,82.11
2026-07-15 23:00,73.76,83.16
2026-07-15 23:15,73.76,4.26
2026-07-15 23:30,73.76,80.46
2026-07-15 23:45,73.76,81.92
